{"lr": 0.01, "data_time": 0.08183679103851318, "grad_norm": 9.756396522521973, "loss": 2.203682548999786, "loss_cls": 0.9912427890300751, "loss_bbox": 0.5847153562307358, "loss_centerness": 0.6277244019508362, "time": 0.544545612335205, "epoch": 1, "iter": 50, "memory": 2786, "step": 50}
{"lr": 0.01, "data_time": 0.001460089683532715, "grad_norm": 5.199335951805114, "loss": 2.018766074180603, "loss_cls": 0.7593222856521606, "loss_bbox": 0.6424367964267731, "loss_centerness": 0.6170070016384125, "time": 0.46487357139587404, "epoch": 1, "iter": 100, "memory": 2786, "step": 100}
{"lr": 0.01, "data_time": 0.0015442419052124024, "grad_norm": 4.913218088150025, "loss": 1.7573305797576904, "loss_cls": 0.5667558455467224, "loss_bbox": 0.5957939291000366, "loss_centerness": 0.5947808122634888, "time": 0.44224679946899415, "epoch": 1, "iter": 150, "memory": 2786, "step": 150}
{"lr": 0.01, "data_time": 0.0018254232406616211, "grad_norm": 5.452290773391724, "loss": 1.6489139652252198, "loss_cls": 0.5636607477068901, "loss_bbox": 0.47833125323057174, "loss_centerness": 0.6069219708442688, "time": 0.4437295436859131, "epoch": 1, "iter": 200, "memory": 2786, "step": 200}
{"lr": 0.01, "data_time": 0.0015151119232177735, "grad_norm": 4.994150280952454, "loss": 1.6808290839195252, "loss_cls": 0.5994553726911545, "loss_bbox": 0.48531645894050596, "loss_centerness": 0.5960572493076325, "time": 0.43515423774719236, "epoch": 1, "iter": 250, "memory": 2786, "step": 250}
{"lr": 0.01, "data_time": 0.0014834833145141602, "grad_norm": 4.895484600067139, "loss": 1.6391071486473083, "loss_cls": 0.5268006956577301, "loss_bbox": 0.524210667014122, "loss_centerness": 0.5880957901477813, "time": 0.43562946319580076, "epoch": 1, "iter": 300, "memory": 2786, "step": 300}
{"lr": 0.01, "data_time": 0.0015628910064697265, "grad_norm": 5.260945529937744, "loss": 1.7256978797912597, "loss_cls": 0.577673787176609, "loss_bbox": 0.5507488867640495, "loss_centerness": 0.5972752118110657, "time": 0.43608534812927247, "epoch": 1, "iter": 350, "memory": 2786, "step": 350}
{"lr": 0.01, "data_time": 0.0016352319717407226, "grad_norm": 5.070659222602845, "loss": 1.560834743976593, "loss_cls": 0.5185967543721199, "loss_bbox": 0.4547251257300377, "loss_centerness": 0.5875128555297852, "time": 0.43525195121765137, "epoch": 1, "iter": 400, "memory": 2786, "step": 400}
{"lr": 0.01, "data_time": 0.001608881950378418, "grad_norm": 4.462098889350891, "loss": 1.5861875236034393, "loss_cls": 0.5174943760037423, "loss_bbox": 0.4742771196365356, "loss_centerness": 0.5944160318374634, "time": 0.4351642084121704, "epoch": 1, "iter": 450, "memory": 2786, "step": 450}
{"lr": 0.01, "data_time": 0.001593008041381836, "grad_norm": 4.4667078447341915, "loss": 1.4998310136795043, "loss_cls": 0.46181869238615036, "loss_bbox": 0.44504234939813614, "loss_centerness": 0.5929699516296387, "time": 0.4362450408935547, "epoch": 1, "iter": 500, "memory": 2786, "step": 500}
{"lr": 0.01, "data_time": 0.0016620206832885743, "grad_norm": 4.645914120674133, "loss": 1.4657403814792633, "loss_cls": 0.45767037868499755, "loss_bbox": 0.4281168866157532, "loss_centerness": 0.5799531221389771, "time": 0.43517996788024904, "epoch": 1, "iter": 550, "memory": 2786, "step": 550}
{"lr": 0.01, "data_time": 0.001660604476928711, "grad_norm": 4.5721125364303585, "loss": 1.5148411941528321, "loss_cls": 0.4902516686916351, "loss_bbox": 0.4288003551959991, "loss_centerness": 0.5957891833782196, "time": 0.43674981117248535, "epoch": 1, "iter": 600, "memory": 2786, "step": 600}
{"lr": 0.01, "data_time": 0.0014963722229003906, "grad_norm": 4.320325784683227, "loss": 1.5762321853637695, "loss_cls": 0.47294883757829664, "loss_bbox": 0.5104108151793479, "loss_centerness": 0.5928725254535675, "time": 0.4357397365570068, "epoch": 1, "iter": 650, "memory": 2786, "step": 650}
{"lr": 0.01, "data_time": 0.0016764068603515624, "grad_norm": 4.435800814628601, "loss": 1.4096860384941101, "loss_cls": 0.4554586011171341, "loss_bbox": 0.3716335013508797, "loss_centerness": 0.5825939273834229, "time": 0.4353817176818848, "epoch": 1, "iter": 700, "memory": 2786, "step": 700}
{"lr": 0.01, "data_time": 0.0016283226013183594, "grad_norm": 4.479281148910522, "loss": 1.487255003452301, "loss_cls": 0.4738255527615547, "loss_bbox": 0.42305056244134903, "loss_centerness": 0.5903788948059082, "time": 0.4356927537918091, "epoch": 1, "iter": 750, "memory": 2786, "step": 750}
{"lr": 0.01, "data_time": 0.0017116594314575196, "grad_norm": 4.397069129943848, "loss": 1.4233916187286377, "loss_cls": 0.43957250356674193, "loss_bbox": 0.3995260560512543, "loss_centerness": 0.5842930579185486, "time": 0.439802508354187, "epoch": 1, "iter": 800, "memory": 2786, "step": 800}
{"lr": 0.01, "data_time": 0.0016103601455688477, "grad_norm": 4.129860897064209, "loss": 1.4267542481422424, "loss_cls": 0.40174137115478514, "loss_bbox": 0.43674135774374007, "loss_centerness": 0.5882715165615082, "time": 0.43623255252838133, "epoch": 1, "iter": 850, "memory": 2786, "step": 850}
{"lr": 0.01, "data_time": 0.0017407894134521484, "grad_norm": 4.2591712474823, "loss": 1.4388207578659058, "loss_cls": 0.3761460283398628, "loss_bbox": 0.477568119764328, "loss_centerness": 0.585106611251831, "time": 0.4371121072769165, "epoch": 1, "iter": 900, "memory": 2786, "step": 900}
{"lr": 0.01, "data_time": 0.0015932035446166992, "grad_norm": 4.157639608383179, "loss": 1.3298490417003632, "loss_cls": 0.3820237582921982, "loss_bbox": 0.36366612821817396, "loss_centerness": 0.5841591560840607, "time": 0.4635677909851074, "epoch": 1, "iter": 950, "memory": 2786, "step": 950}
{"lr": 0.01, "data_time": 0.0015759038925170898, "grad_norm": 4.2450188589096065, "loss": 1.4196348190307617, "loss_cls": 0.39388701826334, "loss_bbox": 0.4411849355697632, "loss_centerness": 0.5845628702640533, "time": 0.4431159782409668, "epoch": 1, "iter": 1000, "memory": 2786, "step": 1000}
{"lr": 0.01, "data_time": 0.0016544723510742187, "grad_norm": 4.732334265708923, "loss": 1.4373165261745453, "loss_cls": 0.39806953102350234, "loss_bbox": 0.4600466766953468, "loss_centerness": 0.5792003130912781, "time": 0.4365274953842163, "epoch": 1, "iter": 1050, "memory": 2786, "step": 1050}
{"lr": 0.01, "data_time": 0.001724691390991211, "grad_norm": 4.233569624423981, "loss": 1.282421931028366, "loss_cls": 0.3514255142211914, "loss_bbox": 0.35040646642446516, "loss_centerness": 0.5805899488925934, "time": 0.43484078407287596, "epoch": 1, "iter": 1100, "memory": 2786, "step": 1100}
{"lr": 0.01, "data_time": 0.001568436622619629, "grad_norm": 4.377447805404663, "loss": 1.3950616335868835, "loss_cls": 0.38630943804979323, "loss_bbox": 0.4223225262761116, "loss_centerness": 0.5864296627044677, "time": 0.4053117561340332, "epoch": 1, "iter": 1150, "memory": 2786, "step": 1150}
{"coco/bbox_mAP": 0.08, "coco/bbox_mAP_50": 0.176, "coco/bbox_mAP_75": 0.048, "coco/bbox_mAP_s": 0.005, "coco/bbox_mAP_m": 0.073, "coco/bbox_mAP_l": 0.135, "data_time": 0.022328398238991107, "time": 0.22804258107009093, "step": 1}
{"lr": 0.01, "data_time": 0.002373828887939453, "grad_norm": 4.365978827476502, "loss": 1.3739487195014954, "loss_cls": 0.413013886064291, "loss_bbox": 0.37756853938102725, "loss_centerness": 0.5833662915229797, "time": 0.5083325004577637, "epoch": 2, "iter": 1204, "memory": 2786, "step": 1204}
{"lr": 0.01, "data_time": 0.0016985321044921875, "grad_norm": 4.606480102539063, "loss": 1.3725247955322266, "loss_cls": 0.38049411416053774, "loss_bbox": 0.4189919853210449, "loss_centerness": 0.5730386900901795, "time": 0.4386980199813843, "epoch": 2, "iter": 1254, "memory": 2786, "step": 1254}
{"lr": 0.01, "data_time": 0.0017863082885742187, "grad_norm": 3.9531532311439515, "loss": 1.2951461935043336, "loss_cls": 0.3377969531714916, "loss_bbox": 0.3772399738430977, "loss_centerness": 0.5801092660427094, "time": 0.43704784870147706, "epoch": 2, "iter": 1304, "memory": 2786, "step": 1304}
{"lr": 0.01, "data_time": 0.0015912485122680665, "grad_norm": 4.182149515151978,