epoch,time,train/box_loss,train/cls_loss,train/dfl_loss,metrics/precision(B),metrics/recall(B),metrics/mAP50(B),metrics/mAP50-95(B),val/box_loss,val/cls_loss,val/dfl_loss,lr/pg0,lr/pg1,lr/pg2
1,24.6611,0,50.9113,0,0,0,0,0,0,20.7361,0,0.00033218,0.00033218,0.00033218
2,46.9223,0,0.08929,0,0,0,0,0,0,27.9908,0,0.000533742,0.000533742,0.000533742
3,69.6403,0,0.00194,0,0,0,0,0,0,11.9331,0,0.000603303,0.000603303,0.000603303
4,91.193,0,0.00032,0,0,0,0,0,0,0.00151,0,0.000406,0.000406,0.000406
5,112.649,0,0.00024,0,0,0,0,0,0,0.00029,0,0.000208,0.000208,0.000208
