{"labels": [4, 0, 7, 7, 2, 7, 2, 2, 5, 4, 2, 13, 25], "scores": [0.9979556798934937, 0.9389305114746094, 0.7491909861564636, 0.6986494660377502, 0.5421565771102905, 0.24492183327674866, 0.1435033529996872, 0.09345954656600952, 0.07142774760723114, 0.061894673854112625, 0.061826787889003754, 0.054787036031484604, 0.05183448642492294], "bboxes": [[8.737008094787598, 116.47794342041016, 425.795654296875, 237.4525146484375], [440.291015625, 219.04786682128906, 446.55029296875, 235.3143310546875], [1.2015438079833984, 323.9101867675781, 81.62358093261719, 373.80230712890625], [443.7706298828125, 212.6993865966797, 493.4075622558594, 232.8488006591797], [448.39239501953125, 215.84341430664062, 491.48211669921875, 233.54441833496094], [473.7778015136719, 309.156494140625, 499.88299560546875, 351.41851806640625], [478.9344787597656, 203.72445678710938, 499.6917724609375, 209.44390869140625], [474.3746337890625, 307.99615478515625, 499.40869140625, 352.11822509765625], [444.3608703613281, 211.36871337890625, 495.70660400390625, 232.76361083984375], [420.8446044921875, 188.65811157226562, 481.10992431640625, 203.7213134765625], [474.4134216308594, 201.12673950195312, 499.5094299316406, 211.99542236328125], [45.646202087402344, 339.8524475097656, 80.74337768554688, 372.5239562988281], [479.30279541015625, 203.96112060546875, 499.6258239746094, 210.093505859375]]}