{"labels": [19, 19, 19, 16, 17, 19, 18], "scores": [0.9901158213615417, 0.9859194755554199, 0.9110292792320251, 0.2536452114582062, 0.2173101156949997, 0.2018413096666336, 0.12249265611171722], "bboxes": [[593.5277709960938, 195.72564697265625, 1074.9388427734375, 810.0000610351562], [446.7478942871094, 505.9413757324219, 814.9855346679688, 808.8795166015625], [0.0, 17.543088912963867, 566.5, 810.0000610351562], [6.188535690307617, 36.772682189941406, 614.55712890625, 810.0000610351562], [0.0, 45.37058639526367, 597.5744018554688, 810.0000610351562], [400.4031677246094, 253.62643432617188, 848.130615234375, 810.0000610351562], [430.4117736816406, 447.01812744140625, 854.1124267578125, 804.6047973632812]]}