{"labels": [2, 2, 2, 13, 2, 2, 2, 2, 2, 2, 2, 2, 2, 2, 2, 56, 2, 2, 2, 2, 2, 2, 2, 2, 13, 2, 2, 2, 2, 2, 2, 2, 2, 2, 2, 2, 2, 2, 2, 0, 2, 2, 28, 2, 56, 7, 7, 0, 2, 2, 7, 2, 0, 2, 2, 2, 2], "scores": [0.9887662529945374, 0.98715740442276, 0.9832060933113098, 0.9777801632881165, 0.9713269472122192, 0.9678022265434265, 0.9594148397445679, 0.9592535495758057, 0.956841230392456, 0.9510122537612915, 0.9458499550819397, 0.9439923763275146, 0.9331439733505249, 0.8663244247436523, 0.8267841935157776, 0.777876079082489, 0.7534802556037903, 0.7166001796722412, 0.6007826924324036, 0.5919990539550781, 0.5540298819541931, 0.5435200929641724, 0.4767569601535797, 0.46119225025177, 0.4169999659061432, 0.40099862217903137, 0.3438507318496704, 0.28796303272247314, 0.26120153069496155, 0.2584044337272644, 0.2560499310493469, 0.2559625804424286, 0.20997074246406555, 0.2039606124162674, 0.19742421805858612, 0.149972066283226, 0.14838458597660065, 0.14762870967388153, 0.14173555374145508, 0.1354546695947647, 0.13270919024944305, 0.1258906126022339, 0.11515292525291443, 0.1107218787074089, 0.10123571753501892, 0.09750954061746597, 0.0968819409608841, 0.08887865394353867, 0.0813654363155365, 0.0764542743563652, 0.07436459511518478, 0.07326322048902512, 0.0720720961689949, 0.06474217027425766, 0.0632171630859375, 0.05161786824464798, 0.051538415253162384], "bboxes": [[609.6500244140625, 113.805908203125, 634.5115966796875, 136.95191955566406], [481.773681640625, 110.48099517822266, 522.4596557617188, 130.40711975097656], [1.0182130336761475, 112.14472198486328, 60.43746566772461, 144.17376708984375], [219.20883178710938, 174.56265258789062, 460.1087951660156, 377.04669189453125], [294.62371826171875, 117.03524017333984, 378.02264404296875, 150.55087280273438], [396.3289489746094, 111.20333099365234, 432.49053955078125, 132.72926330566406], [590.976318359375, 110.80265808105469, 615.40185546875, 126.4935531616211], [267.5820007324219, 105.6860122680664, 328.8187561035156, 128.2265625], [166.8567352294922, 108.00660705566406, 219.10069274902344, 140.19480895996094], [189.76959228515625, 109.80110931396484, 300.3108215332031, 153.78189086914062], [429.8224792480469, 105.65538024902344, 482.74151611328125, 132.37672424316406], [555.0009155273438, 109.78498840332031, 592.7617797851562, 127.8084945678711], [59.679039001464844, 93.18280029296875, 83.45455932617188, 106.24291229248047], [97.84465026855469, 89.654296875, 118.17234802246094, 101.0111083984375], [143.8990020751953, 96.18698120117188, 164.5998077392578, 104.97926330566406], [372.6518249511719, 136.14308166503906, 432.0538024902344, 188.44647216796875], [85.58942413330078, 89.944580078125, 98.89207458496094, 98.5285415649414], [97.82826232910156, 90.74437713623047, 110.29804992675781, 99.7373275756836], [223.57919311523438, 98.51847839355469, 249.84512329101562, 107.50985717773438], [168.92861938476562, 95.94691467285156, 182.84344482421875, 105.69495391845703], [135.02134704589844, 90.87393951416016, 150.60702514648438, 102.79887390136719], [0.0, 111.52195739746094, 14.53266716003418, 125.85028076171875], [553.8966064453125, 116.17054748535156, 562.602294921875, 126.39092254638672], [375.80975341796875, 119.57904815673828, 382.37646484375, 132.11390686035156], [372.0663757324219, 136.31430053710938, 432.1952209472656, 187.17288208007812], [137.9241180419922, 93.79753875732422, 154.49716186523438, 104.65968322753906], [555.009033203125, 110.95270538330078, 574.9256591796875, 126.91203308105469], [554.0431518554688, 100.95907592773438, 561.2978515625, 110.92771911621094], [614.7410278320312, 101.98706817626953, 635.4816284179688, 112.59370422363281], [570.7603149414062, 109.67938232421875, 590.2860717773438, 127.2488784790039], [0.47854411602020264, 111.56817626953125, 22.50408935546875, 142.62355041503906], [375.0931396484375, 111.69644165039062, 420.53692626953125, 133.69107055664062], [262.74725341796875, 107.56562805175781, 326.7658996582031, 143.92529296875], [79.13125610351562, 90.3788833618164, 100.24787902832031, 101.08089447021484], [609.3134765625, 113.30851745605469, 625.9619750976562, 125.3425064086914], [135.30484008789062, 92.37714385986328, 164.08018493652344, 104.99246215820312], [67.35405731201172, 88.50080871582031, 82.9853515625, 97.39421081542969], [540.8524169921875, 113.84894561767578, 561.85546875, 126.19877624511719], [351.7349853515625, 109.43265533447266, 439.3101806640625, 134.81973266601562], [375.3485412597656, 119.17100524902344, 381.95086669921875, 134.4606170654297], [96.31792449951172, 89.87806701660156, 153.28778076171875, 101.7763671875], [45.449501037597656, 117.44498443603516, 61.89558029174805, 144.27505493164062], [91.32599639892578, 107.15576934814453, 106.02936553955078, 119.77730560302734], [606.4075317382812, 112.21598052978516, 618.9356689453125, 124.95723724365234], [218.4040985107422, 175.13780212402344, 462.1076354980469, 365.5412902832031], [188.2000732421875, 109.94707489013672, 300.4713134765625, 156.33583068847656], [427.7491149902344, 105.11559295654297, 483.4554443359375, 132.9432830810547], [532.3619995117188, 109.55472564697266, 540.5265502929688, 125.22264099121094], [102.15263366699219, 93.6143798828125, 141.08184814453125, 101.59896850585938], [398.3648376464844, 112.08146667480469, 409.38983154296875, 132.8977508544922], [294.5048522949219, 117.64228820800781, 378.6327819824219, 150.46356201171875], [539.245849609375, 112.39482879638672, 548.7567138671875, 121.9644546508789], [361.1242980957031, 109.04920959472656, 368.6256103515625, 122.48306274414062], [609.1565551757812, 104.01744842529297, 635.4721069335938, 126.77719116210938], [3.7589428424835205, 98.57453155517578, 74.5848159790039, 135.15499877929688], [168.16648864746094, 91.4260482788086, 220.30313110351562, 107.9556884765625], [70.97237396240234, 90.26848602294922, 105.39813232421875, 103.82550811767578]]}