{"labels": [2, 2, 2, 13, 2, 2, 2, 2, 2, 2, 2, 2, 2, 2, 2, 56, 2, 2, 2, 2, 2, 2, 2, 2, 13, 2, 2, 2, 2, 2, 2, 2, 2, 2, 2, 2, 2, 2, 2, 0, 2, 2, 28, 2, 56, 7, 7, 0, 2, 2, 7, 2, 0, 2, 2, 2, 2], "scores": [0.9887683391571045, 0.9871689081192017, 0.9832126498222351, 0.9777892231941223, 0.9713373184204102, 0.9678254723548889, 0.9594194293022156, 0.9592576026916504, 0.9568274617195129, 0.9510265588760376, 0.945970892906189, 0.9440402984619141, 0.9331334233283997, 0.8664421439170837, 0.8266620635986328, 0.7779464721679688, 0.75362229347229, 0.7164156436920166, 0.6011255979537964, 0.5916640162467957, 0.5540339350700378, 0.5432627201080322, 0.4763997793197632, 0.46215948462486267, 0.4168126583099365, 0.40062642097473145, 0.34330424666404724, 0.28845906257629395, 0.26112496852874756, 0.25862106680870056, 0.2561946213245392, 0.255916565656662, 0.21070300042629242, 0.20382890105247498, 0.1974097043275833, 0.15009838342666626, 0.14838406443595886, 0.14774644374847412, 0.14173555374145508, 0.13517127931118011, 0.13268066942691803, 0.12581393122673035, 0.11511898040771484, 0.1108042523264885, 0.10124679654836655, 0.09749242663383484, 0.09689462184906006, 0.08864615857601166, 0.08137742429971695, 0.07636392116546631, 0.07430548220872879, 0.07317414879798889, 0.07180327922105789, 0.06469197571277618, 0.06305225938558578, 0.05163276568055153, 0.05155250430107117], "bboxes": [[609.649658203125, 113.80640411376953, 634.5107421875, 136.95266723632812], [481.774658203125, 110.48148345947266, 522.4597778320312, 130.40785217285156], [1.018632411956787, 112.14421081542969, 60.4357795715332, 144.1743621826172], [219.2063446044922, 174.56422424316406, 460.1085510253906, 377.04901123046875], [294.6271667480469, 117.03632354736328, 378.0195007324219, 150.55145263671875], [396.32891845703125, 111.20295715332031, 432.490966796875, 132.72943115234375], [590.9793701171875, 110.80254364013672, 615.4013061523438, 126.49327850341797], [267.5810546875, 105.68584442138672, 328.81689453125, 128.22877502441406], [166.85653686523438, 108.00662994384766, 219.102783203125, 140.1945343017578], [189.76731872558594, 109.80152130126953, 300.30926513671875, 153.78208923339844], [429.8260803222656, 105.6517333984375, 482.7369079589844, 132.37770080566406], [555.001220703125, 109.78417205810547, 592.763427734375, 127.80821990966797], [59.679840087890625, 93.18244171142578, 83.45272827148438, 106.24234771728516], [97.84386444091797, 89.65435791015625, 118.17243957519531, 101.0117416381836], [143.8983917236328, 96.18722534179688, 164.6033172607422, 104.9798355102539], [372.6546630859375, 136.14309692382812, 432.05377197265625, 188.4476776123047], [85.59101867675781, 89.94422149658203, 98.89250183105469, 98.52803802490234], [97.827880859375, 90.74363708496094, 110.3009033203125, 99.73780059814453], [223.57901000976562, 98.5185546875, 249.84593200683594, 107.50959014892578], [168.93017578125, 95.94856262207031, 182.84371948242188, 105.6952896118164], [135.02105712890625, 90.87396240234375, 150.60610961914062, 102.79747772216797], [0.0, 111.5227279663086, 14.53174877166748, 125.85015869140625], [553.8972778320312, 116.16887664794922, 562.6031494140625, 126.38997650146484], [375.8104248046875, 119.57896423339844, 382.3768310546875, 132.11346435546875], [372.06549072265625, 136.31533813476562, 432.19305419921875, 187.17178344726562], [137.92245483398438, 93.79645538330078, 154.4948272705078, 104.65988159179688], [555.009765625, 110.95167541503906, 574.9259643554688, 126.91122436523438], [554.0430908203125, 100.9587173461914, 561.2982177734375, 110.92655944824219], [614.7432250976562, 101.98814392089844, 635.4830932617188, 112.59313201904297], [570.7605590820312, 109.67903137207031, 590.2859497070312, 127.24903869628906], [0.4789849519729614, 111.56880187988281, 22.506874084472656, 142.62347412109375], [375.09344482421875, 111.69647216796875, 420.5392150878906, 133.69195556640625], [262.7398986816406, 107.56389617919922, 326.766357421875, 143.9238739013672], [79.12748718261719, 90.37863159179688, 100.24679565429688, 101.08390045166016], [609.3134765625, 113.3088607788086, 625.9625244140625, 125.3428955078125], [135.30484008789062, 92.37535095214844, 164.0803985595703, 104.99252319335938], [67.35396575927734, 88.50164031982422, 82.9849624633789, 97.39481353759766], [540.8513793945312, 113.84844207763672, 561.8551025390625, 126.19776916503906], [351.74468994140625, 109.43306732177734, 439.29937744140625, 134.8197479248047], [375.3483581542969, 119.17201232910156, 381.9510498046875, 134.46011352539062], [96.31669616699219, 89.8769302368164, 153.281005859375, 101.77507019042969], [45.44941329956055, 117.44667053222656, 61.89511489868164, 144.27362060546875], [91.32564544677734, 107.1554946899414, 106.03010559082031, 119.77722930908203], [606.408203125, 112.21623992919922, 618.933837890625, 124.95726776123047], [218.40231323242188, 175.13986206054688, 462.1104736328125, 365.5367126464844], [188.20030212402344, 109.94573974609375, 300.4717712402344, 156.3359375], [427.74517822265625, 105.11593627929688, 483.4555969238281, 132.9429473876953], [532.3627319335938, 109.55603790283203, 540.5261840820312, 125.22310638427734], [102.1459732055664, 93.61408233642578, 141.08126831054688, 101.59770965576172], [398.36431884765625, 112.08100128173828, 409.39044189453125, 132.8977813720703], [294.51275634765625, 117.64242553710938, 378.6300048828125, 150.46371459960938], [539.24609375, 112.39400482177734, 548.7569580078125, 121.96454620361328], [361.12371826171875, 109.04904174804688, 368.6251525878906, 122.48413848876953], [609.1575317382812, 104.0138168334961, 635.4728393554688, 126.77359008789062], [3.7596635818481445, 98.5726089477539, 74.58216857910156, 135.15077209472656], [168.16717529296875, 91.42863464355469, 220.2741241455078, 107.95499420166016], [70.96764373779297, 90.26856994628906, 105.3927001953125, 103.82661437988281]]}